City_ID,City,Country,Lat,Lng,Max Temp,Humidity,Cloudiness,Wind Speed,Current Description
0,Hailar,CN,49.2,119.7,68.09,14,0,14.18,clear sky
1,Puerto Ayora,EC,-0.7393,-90.3518,71.08,93,7,8.68,clear sky
2,Bethel,US,41.3712,-73.414,47.01,64,100,8.05,light rain
3,Kamenka,RU,51.3223,42.7678,58.21,34,1,5.44,clear sky
4,Busselton,AU,-33.65,115.3333,68.85,63,30,10.87,scattered clouds
5,Kapaa,US,22.0752,-159.319,76.98,84,40,16.11,scattered clouds
6,Eureka,US,40.8021,-124.1637,48.92,76,71,1.99,broken clouds
7,Esperance,AU,-33.8667,121.9,78.64,40,99,4.83,overcast clouds
8,Port Lincoln,AU,-34.7333,135.8667,59.54,73,94,9.04,overcast clouds
9,Ushuaia,AR,-54.8,-68.3,46.06,57,20,4.61,few clouds
10,Taltal,CL,-25.4,-70.4833,59.63,78,45,4.07,scattered clouds
11,Rosetta,EG,31.4044,30.4164,74.03,41,21,7.2,few clouds
12,Albany,US,42.6001,-73.9662,43.57,62,100,3.83,overcast clouds
13,Olinda,BR,-8.0089,-34.8553,73.13,100,40,8.05,scattered clouds
14,Moses Lake,US,47.1301,-119.2781,45.28,56,0,12.66,clear sky
15,Brody,UA,50.0879,25.1503,63.1,59,15,4.09,few clouds
16,Rio Verde De Mato Grosso,BR,-18.9181,-54.8442,60.33,70,0,6.02,clear sky
17,Egvekinot,RU,66.3167,-179.1667,22.75,98,98,1.25,overcast clouds
18,Zyryanskoye,RU,56.8306,86.6258,43.36,31,95,12.5,overcast clouds
19,Jamestown,US,42.097,-79.2353,44.24,65,0,5.75,clear sky
20,Matay,EG,28.419,30.7792,86.77,13,54,4.52,broken clouds
21,Tasiilaq,GL,65.6145,-37.6368,30.36,68,100,5.35,overcast clouds
22,Hay River,CA,60.8156,-115.7999,31.98,100,100,14.97,snow
23,Rikitea,PF,-23.1203,-134.9692,77.13,81,7,17.58,clear sky
24,Karratha,AU,-20.7377,116.8463,84.04,40,97,12.53,overcast clouds
25,Hermagor,AT,46.6272,13.3672,60.33,88,100,2.35,overcast clouds
26,Dunedin,NZ,-45.8742,170.5036,58.8,82,100,6.11,overcast clouds
27,Bredasdorp,ZA,-34.5322,20.0403,59.32,76,83,4.79,broken clouds
28,Saint-Joseph,RE,-21.3667,55.6167,79.18,77,26,9.42,scattered clouds
29,Bubaque,GW,11.2833,-15.8333,76.64,69,11,9.24,few clouds
30,Tuktoyaktuk,CA,69.4541,-133.0374,31.35,92,100,10.71,overcast clouds
31,Burlington,US,39.8835,-74.6413,44.71,89,100,13.8,light rain
32,Alice Springs,AU,-23.7,133.8833,69.22,32,24,14.97,few clouds
33,Sioux Lookout,CA,50.1001,-91.917,48.27,43,100,10.36,overcast clouds
34,Iranshahr,IR,27.2025,60.6848,98.94,18,0,4.61,clear sky
35,Hilo,US,19.7297,-155.09,74.28,94,100,8.05,light rain
36,Nikolskoye,RU,59.7035,30.7861,45.88,55,100,11.27,overcast clouds
37,Khorixas,NA,-20.3667,14.9667,72.95,25,0,4.32,clear sky
38,Igrim,RU,63.1906,64.4162,52.81,90,74,7.16,broken clouds
39,Cidreira,BR,-30.1811,-50.2056,61.52,81,0,11.1,clear sky
40,Rovaniemi,FI,66.5,25.7167,40.41,45,0,12.66,clear sky
41,Lebu,CL,-37.6167,-73.65,52.97,94,21,3.44,few clouds
42,Hithadhoo,MV,-0.6,73.0833,84.31,76,49,18.97,scattered clouds
43,East London,ZA,-33.0153,27.9116,61.74,77,20,12.66,few clouds
44,Paamiut,GL,61.994,-49.6678,29.91,82,100,12.35,overcast clouds
45,Barrow,US,71.2906,-156.7887,21.22,93,100,6.91,fog
46,Warrnambool,AU,-38.3833,142.4833,55.29,73,99,7.16,overcast clouds
47,Khudumelapye,BW,-23.8833,24.75,70.29,32,81,5.66,broken clouds
48,Saskylakh,RU,71.9167,114.0833,17.37,90,82,15.59,broken clouds
49,Cap-Aux-Meules,CA,47.3821,-61.8597,35.62,75,0,10.36,clear sky
50,New Norfolk,AU,-42.7826,147.0587,54.9,58,23,4.0,few clouds
51,Half Moon Bay,US,37.4636,-122.4286,53.51,72,75,28.77,haze
52,Bluff,NZ,-46.6,168.3333,55.8,88,100,4.23,overcast clouds
53,Scarborough,GB,54.2797,-0.4044,50.32,87,74,1.01,broken clouds
54,Mataura,NZ,-46.1927,168.8643,55.47,98,100,1.63,overcast clouds
55,Tautira,PF,-17.7333,-149.15,80.73,76,15,1.43,few clouds
56,Arlit,NE,18.7369,7.3853,95.85,12,100,11.68,overcast clouds
57,Qaanaaq,GL,77.484,-69.3632,17.91,75,100,5.88,overcast clouds
58,Hermanus,ZA,-34.4187,19.2345,56.8,73,100,7.36,overcast clouds
59,Alyangula,AU,-13.8483,136.4192,84.07,65,62,8.05,broken clouds
60,Le Port,RE,-20.9373,55.2919,82.36,69,6,5.41,clear sky
61,Athabasca,CA,54.7169,-113.2854,36.01,79,93,12.03,overcast clouds
62,Bandar-E Anzali,IR,37.4727,49.4622,59.11,77,65,8.48,broken clouds
63,Port Alfred,ZA,-33.5906,26.891,61.18,84,96,8.99,overcast clouds
64,Aklavik,CA,68.2191,-135.0107,30.96,94,34,8.79,scattered clouds
65,Avarua,CK,-21.2078,-159.775,80.65,89,75,4.61,broken clouds
66,Vaini,TO,-21.2,-175.2,73.56,88,20,6.91,few clouds
67,Punta Arenas,CL,-53.15,-70.9167,44.71,76,75,13.8,broken clouds
68,Nyurba,RU,63.2842,118.3319,41.58,84,100,14.83,light rain
69,Khatanga,RU,71.9667,102.5,20.86,84,43,13.51,scattered clouds
70,Lucea,JM,18.451,-78.1736,76.86,80,8,2.82,clear sky
71,Padang,ID,-0.9492,100.3543,89.65,69,100,3.71,overcast clouds
72,Carnarvon,AU,-24.8667,113.6333,80.67,57,22,10.36,few clouds
73,Nishihara,JP,26.1842,127.7558,78.08,89,100,12.66,light intensity shower rain
74,Chumikan,RU,54.7183,135.315,46.27,78,0,8.59,clear sky
75,Georgetown,MY,5.4112,100.3354,91.35,66,40,9.22,scattered clouds
76,Nisia Floresta,BR,-6.0911,-35.2086,75.58,95,64,7.11,broken clouds
77,Faanui,PF,-16.4833,-151.75,82.17,74,18,8.81,light rain
78,Bonthe,SL,7.5264,-12.505,74.21,89,100,0.72,light rain
79,Thompson,CA,55.7435,-97.8558,55.56,58,75,6.91,broken clouds
80,Bandarbeyla,SO,9.4942,50.8122,89.73,60,10,15.52,clear sky
81,Cherskiy,RU,68.75,161.3,24.62,90,100,15.28,overcast clouds
82,Sitka,US,57.0531,-135.33,44.49,70,0,3.44,clear sky
83,Bareli,IN,28.35,79.4167,106.21,10,0,6.15,clear sky
84,Price,US,39.5994,-110.8107,52.86,24,0,3.44,clear sky
85,Upernavik,GL,72.7868,-56.1549,3.85,76,20,5.3,few clouds
86,Puerto Escondido,MX,15.85,-97.0667,79.99,64,37,4.83,scattered clouds
87,Sao Filipe,CV,14.8961,-24.4956,72.23,80,8,10.6,clear sky
88,Saint Anthony,US,45.0205,-93.218,62.82,47,40,27.63,scattered clouds
89,Srivardhan,IN,18.0333,73.0167,88.36,64,81,17.34,broken clouds
90,Fortuna,US,40.5982,-124.1573,48.65,93,100,0.0,overcast clouds
91,Chokurdakh,RU,70.6333,147.9167,13.69,94,14,4.14,few clouds
92,Nanortalik,GL,60.1432,-45.2371,37.17,81,100,5.48,overcast clouds
93,Kodiak,US,57.79,-152.4072,45.91,61,0,4.61,clear sky
94,Quatre Cocos,MU,-20.2078,57.7625,83.08,71,16,12.66,few clouds
95,Yurla,RU,59.3259,54.3223,59.65,36,48,12.8,scattered clouds
96,Lompoc,US,34.6391,-120.4579,51.69,76,0,30.0,clear sky
97,Cape Town,ZA,-33.9258,18.4232,62.11,80,0,5.75,clear sky
98,Riyadh,SA,24.6877,46.7219,84.34,12,4,8.61,clear sky
99,Puerto Baquerizo Moreno,EC,-0.9,-89.6,71.38,90,1,11.77,clear sky
100,Lavrentiya,RU,65.5833,-171.0,25.84,99,100,4.27,overcast clouds
101,Te Anau,NZ,-45.4167,167.7167,53.24,91,100,0.87,overcast clouds
102,Comodoro Rivadavia,AR,-45.8667,-67.5,69.66,40,0,12.66,clear sky
103,Norman Wells,CA,65.282,-126.8329,39.24,65,75,6.91,broken clouds
104,Cape Girardeau,US,37.3834,-89.7168,51.39,96,2,7.36,clear sky
105,Saint George,US,37.1041,-113.5841,75.79,9,0,20.71,clear sky
106,Broken Hill,AU,-31.95,141.4333,60.51,55,100,12.66,overcast clouds
107,La Maddalena,IT,41.2142,9.4083,66.36,78,13,13.6,few clouds
108,Umm Bab,QA,25.2142,50.8072,83.79,53,3,19.26,clear sky
109,Sena Madureira,BR,-9.0656,-68.6569,69.51,86,20,2.59,few clouds
110,Petropavlovsk-Kamchatskiy,RU,53.0452,158.6483,54.19,62,0,11.18,clear sky
111,Kerrville,US,30.0474,-99.1403,77.54,89,100,11.5,overcast clouds
112,Yulara,AU,-25.2406,130.9889,69.64,17,21,12.66,few clouds
113,Isangel,VU,-19.55,169.2667,75.09,63,9,15.82,clear sky
114,Bowen,AU,-20.0167,148.2333,74.5,88,100,15.14,overcast clouds
115,Nicoya,CR,10.1483,-85.452,77.68,89,100,0.58,overcast clouds
116,Atuona,PF,-9.8,-139.0333,77.86,81,30,14.7,light rain
117,Goderich,CA,43.7501,-81.7165,42.91,65,7,6.91,clear sky
118,Sao Jose Da Coroa Grande,BR,-8.8978,-35.1478,75.4,86,83,6.26,broken clouds
119,Ixtapa,MX,20.7,-105.2,74.23,88,0,0.0,clear sky
120,Macamic,CA,48.7502,-78.9996,34.3,58,3,5.59,light snow
121,Roma,US,43.2128,-75.4557,42.08,76,0,3.44,clear sky
122,Komsomolskiy,UZ,40.4272,71.7189,88.52,19,0,6.91,clear sky
123,Ca Mau,VN,9.1769,105.15,88.81,61,96,10.83,overcast clouds
124,Nurota,UZ,40.5614,65.6886,92.52,16,64,14.76,broken clouds
125,Acapulco,MX,16.8634,-99.8901,78.62,83,20,3.44,few clouds
126,Myre,NO,69.1036,15.9492,38.01,65,100,23.09,light rain
127,Petatlan,MX,17.5167,-101.2667,74.68,77,97,2.48,overcast clouds
128,Labuhan,ID,-6.8844,112.2051,86.61,69,100,5.93,overcast clouds
129,Luderitz,NA,-26.6481,15.1594,61.83,44,0,13.53,clear sky
130,Camacha,PT,33.0833,-16.3333,58.42,67,75,11.5,broken clouds
131,Kant,IN,27.8,79.8,107.2,9,0,8.39,clear sky
132,Araouane,ML,18.9048,-3.5265,86.22,8,0,20.4,clear sky
133,Muros,ES,42.7762,-9.0603,58.68,63,93,1.9,overcast clouds
134,Hastings,GB,50.8552,0.5729,56.39,70,16,15.52,few clouds
135,Vardo,NO,70.3705,31.1107,31.98,74,100,21.85,overcast clouds
136,Touros,BR,-5.1989,-35.4608,74.41,93,90,8.08,overcast clouds
137,Ribeira Grande,PT,38.5167,-28.7,55.8,82,20,6.91,few clouds
138,Erenhot,CN,43.6475,111.9767,64.9,17,0,0.29,clear sky
139,Taoudenni,ML,22.6783,-3.9836,85.84,8,60,18.05,broken clouds
140,Floro,NO,61.5996,5.0328,44.96,81,20,6.91,few clouds
141,Hobart,AU,-42.8794,147.3294,55.26,68,20,4.61,few clouds
142,Yellowknife,CA,62.456,-114.3525,32.52,93,100,21.85,overcast clouds
143,Cap Malheureux,MU,-19.9842,57.6142,83.46,65,19,8.01,few clouds
144,Alta Floresta,BR,-9.8756,-56.0861,68.68,98,39,2.84,scattered clouds
145,Kahului,US,20.8947,-156.47,75.85,73,20,10.0,few clouds
146,Sambava,MG,-14.2667,50.1667,82.36,68,71,7.36,light rain
147,Mahebourg,MU,-20.4081,57.7,83.25,74,40,9.22,scattered clouds
148,Saint-Philippe,RE,-21.3585,55.7679,80.19,81,51,12.19,light rain
149,Dano,BF,11.15,-3.0667,87.03,47,68,9.51,broken clouds
150,Srednekolymsk,RU,67.45,153.6833,30.97,83,100,4.38,overcast clouds
151,Merauke,ID,-8.4667,140.3333,82.83,84,100,12.24,light rain
152,Torbay,CA,47.6666,-52.7314,33.28,89,0,9.22,clear sky
153,Ust-Ishim,RU,57.6935,71.1665,58.95,50,93,8.75,overcast clouds
154,Awbari,LY,26.5921,12.7805,75.0,20,0,15.86,clear sky
155,Gornja Tuzla,BA,44.5561,18.7614,52.65,100,100,2.3,mist
156,Klaksvik,FO,62.2266,-6.589,45.52,90,100,20.94,light rain
157,Cayenne,GF,4.9333,-52.3333,81.09,1,100,7.0,overcast clouds
158,Shingu,JP,33.7333,135.9833,69.71,67,13,4.03,few clouds
159,Wajima,JP,37.4,136.9,61.48,31,0,6.91,clear sky
160,Hofn,IS,64.2539,-15.2082,44.8,90,100,7.31,overcast clouds
161,La Ronge,CA,55.1001,-105.2842,44.85,81,100,3.44,overcast clouds
162,Bilma,NE,18.6853,12.9164,94.98,12,100,15.01,overcast clouds
163,Atlantic City,US,39.3643,-74.4229,46.02,92,100,20.71,overcast clouds
164,Mao,ES,39.8885,4.2658,66.76,48,0,13.8,clear sky
165,Castro,BR,-24.7911,-50.0119,47.68,93,100,7.11,overcast clouds
166,Portland,US,45.5234,-122.6762,45.19,87,100,7.0,light rain
167,Wattegama,LK,6.7989,81.4808,88.92,58,100,4.79,overcast clouds
168,Skibbereen,IE,51.55,-9.2667,53.11,89,74,7.83,broken clouds
169,Senador Jose Porfirio,BR,-2.5908,-51.9542,73.62,98,100,0.36,overcast clouds
170,Znamenskoye,RU,57.1281,73.8282,47.88,78,100,4.18,overcast clouds
171,Shepsi,RU,44.0361,39.1489,56.35,68,89,4.34,overcast clouds
172,Butaritari,KI,3.0707,172.7902,82.18,77,77,15.93,broken clouds
173,Montepuez,MZ,-13.1256,38.9997,77.5,54,38,5.95,scattered clouds
174,Hambantota,LK,6.1241,81.1185,91.74,70,75,13.8,broken clouds
175,Vila Velha,BR,-20.3297,-40.2925,73.35,78,40,8.05,scattered clouds
176,Nome,US,64.5011,-165.4064,32.07,93,100,16.11,mist
177,Ada,US,43.4166,-116.1262,40.91,89,40,4.61,scattered clouds
178,Magistralnyy,RU,56.1725,107.4458,48.43,33,100,11.03,overcast clouds
179,Palu,ID,-0.8917,119.8707,82.44,91,99,2.66,overcast clouds
180,Bengkulu,ID,-3.8004,102.2655,85.84,62,92,7.14,overcast clouds
181,Beihai,CN,21.4833,109.1,78.55,80,100,10.96,overcast clouds
182,Altay,CN,47.8667,88.1167,60.8,44,62,14.83,broken clouds
183,Bambous Virieux,MU,-20.3428,57.7575,83.21,74,40,9.22,scattered clouds
184,Logrono,ES,42.4667,-2.45,53.1,76,0,10.36,clear sky
185,Caxito,AO,-8.5785,13.6643,76.44,87,85,3.69,overcast clouds
186,Kavieng,PG,-2.5744,150.7967,84.02,74,86,18.28,overcast clouds
187,Rothenbach,DE,47.6167,9.9833,54.75,81,99,1.99,overcast clouds
188,Nemuro,JP,43.3236,145.575,44.83,76,55,8.03,broken clouds
189,Lorengau,PG,-2.0226,147.2712,84.2,73,34,15.37,scattered clouds
190,Remontnoye,RU,46.5614,43.6501,57.16,43,99,11.99,overcast clouds
191,Ilulissat,GL,69.2167,-51.1,21.22,73,24,0.0,few clouds
192,Lata,PT,40.1629,-8.3327,69.03,38,92,2.53,overcast clouds
193,San Patricio,US,28.017,-97.5169,80.49,92,0,14.97,clear sky
194,Olafsvik,IS,64.8945,-23.7142,43.03,93,100,13.31,overcast clouds
195,Dali,CN,25.7,100.1833,73.94,47,87,8.43,overcast clouds
196,Conakry,GN,9.538,-13.6773,79.97,85,94,8.14,overcast clouds
197,Ancud,CL,-41.8697,-73.8203,55.09,91,100,15.3,light rain
198,Sorland,NO,67.667,12.6934,37.26,63,100,20.83,light rain
199,Teya,RU,60.3778,92.6267,32.32,72,100,13.47,overcast clouds
200,Killybegs,IE,54.6333,-8.45,54.97,79,59,9.33,broken clouds
201,Port Washington,US,40.8257,-73.6982,47.8,66,100,21.0,overcast clouds
202,Provideniya,RU,64.3833,-173.3,31.57,98,100,11.52,snow
203,Charleston,US,32.7766,-79.9309,65.01,85,20,8.05,few clouds
204,Abnub,EG,27.2696,31.1511,73.62,12,13,4.63,few clouds
205,Sept-Iles,CA,50.2001,-66.3821,30.72,79,0,6.91,clear sky
206,Katsuura,JP,35.1333,140.3,57.69,74,100,12.28,overcast clouds
207,Ngunguru,NZ,-35.6167,174.5,59.18,79,4,4.52,clear sky
208,Broome,US,42.2506,-75.833,39.67,76,0,5.75,clear sky
209,Sinop,TR,41.7711,34.8709,46.83,81,100,5.14,overcast clouds
210,Arraial Do Cabo,BR,-22.9661,-42.0278,70.88,80,81,4.68,broken clouds
211,Artvin,TR,41.1667,41.8333,48.69,87,100,3.85,overcast clouds
212,Narsaq,GL,60.9167,-46.05,52.02,63,100,6.55,overcast clouds
213,Henties Bay,NA,-22.116,14.2845,59.22,75,0,5.55,clear sky
214,Ust-Kuyga,RU,70.0167,135.6,29.12,78,100,10.0,overcast clouds
215,Zhigansk,RU,66.7697,123.3711,34.77,98,100,15.97,overcast clouds
216,Juneau,US,58.3019,-134.4197,42.8,98,75,3.44,broken clouds
217,Oistins,BB,13.0667,-59.5333,80.69,78,20,13.8,few clouds
218,Madison Heights,US,42.4859,-83.1052,47.82,64,0,3.44,clear sky
219,Ostrovnoy,RU,68.0531,39.5131,35.26,77,47,21.61,scattered clouds
220,Geraldton,AU,-28.7667,114.6,84.61,21,7,11.5,clear sky
221,Balikpapan,ID,-1.2675,116.8289,83.39,89,20,2.3,light rain
222,Conde,BR,-7.2597,-34.9075,72.86,100,0,6.91,clear sky
223,Codrington,AU,-38.2667,141.9667,54.72,71,93,6.04,overcast clouds
224,Virar,IN,19.4667,72.8,93.29,55,0,14.23,clear sky
225,Yuanping,CN,38.7153,112.7575,62.56,45,100,3.13,overcast clouds
226,Tombouctou,ML,20.0,-3.0,83.43,9,0,19.57,clear sky
227,Guerrero Negro,MX,27.9769,-114.0611,60.57,82,74,13.2,broken clouds
228,Buenos Aires,AR,-34.6132,-58.3772,62.33,87,0,6.91,clear sky
229,Flin Flon,CA,54.7682,-101.865,49.8,98,100,7.34,overcast clouds
230,Adrar,MR,20.5022,-10.0711,86.32,13,5,8.99,clear sky
231,Dukat,RU,62.55,155.55,24.66,91,98,3.02,overcast clouds
232,Pacific Grove,US,36.6177,-121.9166,51.91,82,0,18.99,clear sky
233,Narasannapeta,IN,18.4167,84.05,90.9,54,29,17.13,scattered clouds
234,Newcastle,AU,-32.9272,151.7765,65.08,61,0,5.75,clear sky
235,Riviere-Au-Renard,CA,48.9957,-64.3971,28.69,79,3,9.24,clear sky
236,Saint-Pierre,RE,-21.3393,55.4781,83.88,58,100,5.75,overcast clouds
237,Morehead,US,37.2711,-87.1764,49.98,99,0,0.0,clear sky
238,Pevek,RU,69.7008,170.3133,27.37,90,100,7.11,overcast clouds
239,Gold Coast,AU,-28.0,153.4333,70.0,85,100,10.36,overcast clouds
240,Barka Kana,IN,23.6167,85.4833,100.24,14,1,6.38,clear sky
241,Harper,LR,4.375,-7.7169,81.14,82,99,9.04,light rain
242,Iquitos,PE,-3.7481,-73.2472,75.24,94,75,2.3,broken clouds
243,Moose Factory,CA,51.2585,-80.6094,37.4,56,0,8.05,clear sky
244,Tiarei,PF,-17.5333,-149.3333,78.82,76,9,1.95,clear sky
245,Mogadishu,SO,2.0371,45.3438,87.67,74,40,14.97,scattered clouds
246,Avera,US,33.194,-82.5271,55.45,91,0,6.38,clear sky
247,Laurel,US,39.0993,-76.8483,45.86,91,100,11.5,overcast clouds
248,Ambulu,ID,-8.345,113.6058,84.9,80,100,5.06,moderate rain
249,Lahat,ID,-3.8,103.5333,89.2,55,94,2.42,overcast clouds
250,Victoria,HK,22.2855,114.1577,82.45,65,100,11.01,overcast clouds
251,Kirkuk,IQ,35.4681,44.3922,72.52,25,0,5.44,clear sky
252,Kimbe,PG,-5.5502,150.1429,79.97,87,99,0.2,light rain
253,Coihueco,CL,-36.6167,-71.8333,41.74,93,0,0.0,clear sky
254,Sumbe,AO,-11.2061,13.8437,79.34,75,100,2.51,overcast clouds
255,Svetlogorsk,BY,52.6333,29.7333,57.31,76,100,6.04,overcast clouds
256,Porto Novo,BJ,6.4965,2.6036,82.22,72,70,6.31,broken clouds
257,Bakchar,RU,57.0186,82.0711,46.51,27,48,8.19,scattered clouds
258,Hami,CN,42.8,93.45,81.72,21,100,21.43,overcast clouds
259,Warwick,US,41.7001,-71.4162,48.24,64,100,12.66,overcast clouds
260,Port Augusta,AU,-32.5,137.7667,60.84,49,0,6.62,clear sky
261,Lethem,GY,3.3803,-59.7968,75.18,90,99,2.75,overcast clouds
262,Tuatapere,NZ,-46.1333,167.6833,53.46,94,100,1.45,overcast clouds
263,Jingcheng,CN,32.0142,120.2625,79.0,46,1,10.85,clear sky
264,Billings,US,45.7833,-108.5007,47.97,57,100,8.05,overcast clouds
265,Fasa,IR,28.9383,53.6482,85.24,19,0,13.8,clear sky
266,Port Elizabeth,ZA,-33.918,25.5701,62.31,77,75,15.01,broken clouds
267,Longyearbyen,SJ,78.2186,15.6401,17.44,62,40,16.11,scattered clouds
268,Papayal,PE,-4.0761,-80.7361,69.24,77,94,4.23,overcast clouds
269,Dingle,PH,10.9995,122.6711,88.16,61,71,13.85,broken clouds
270,Leningradskiy,RU,69.3833,178.4167,22.84,95,100,5.06,overcast clouds
271,Sagua La Grande,CU,22.8067,-80.0756,72.59,92,1,6.33,clear sky
272,Dikson,RU,73.5069,80.5464,19.36,90,71,20.49,broken clouds
273,Guaruja,BR,-23.9931,-46.2564,68.9,26,94,3.71,overcast clouds
274,Bairiki,KI,1.3292,172.9752,80.6,83,20,13.8,few clouds
275,Kaitangata,NZ,-46.2817,169.8464,53.82,96,100,1.16,overcast clouds
276,Constitucion,CL,-35.3333,-72.4167,52.41,80,0,3.4,clear sky
277,San Jose,US,37.3394,-121.895,53.47,62,20,12.66,few clouds
278,Maldonado,UY,-34.6667,-54.9167,55.22,92,63,5.53,broken clouds
279,Weyburn,CA,49.6668,-103.8511,44.82,87,68,3.44,broken clouds
280,Cordoba,AR,-31.4135,-64.1811,63.45,63,0,16.11,clear sky
281,Jinxiang,CN,27.4327,120.6062,68.79,85,100,6.06,overcast clouds
282,Urucui,BR,-7.2294,-44.5561,70.21,54,90,2.8,overcast clouds
283,Damietta,EG,31.4165,31.8133,69.69,52,14,11.74,few clouds
284,Coquimbo,CL,-29.9533,-71.3436,55.13,94,100,2.3,overcast clouds
285,San Carlos De Bariloche,AR,-41.1456,-71.3082,53.35,66,40,23.02,scattered clouds
286,Souillac,MU,-20.5167,57.5167,80.98,74,40,9.22,scattered clouds
287,Odweyne,SO,9.4092,45.064,85.32,38,6,3.8,clear sky
288,College,US,64.8569,-147.8028,42.78,86,75,5.75,broken clouds
289,Sorong,ID,-0.8833,131.25,84.74,76,27,5.23,scattered clouds
290,Balabac,PH,7.9868,117.0645,85.55,72,11,12.66,few clouds
291,Villarrica,PY,-25.75,-56.4333,54.52,85,3,2.93,clear sky
292,Varhaug,NO,58.6147,5.6457,47.86,56,84,14.72,broken clouds
293,Cabo San Lucas,MX,22.8909,-109.9124,75.61,61,4,14.79,clear sky
294,Vostok,RU,46.4856,135.8833,40.39,81,99,9.06,overcast clouds
295,Sao Joao Da Barra,BR,-21.6403,-41.0511,66.87,92,2,11.07,clear sky
296,Leshukonskoye,RU,64.8989,45.7622,49.01,92,96,9.04,overcast clouds
297,Camacupa,AO,-12.0167,17.4833,71.19,59,10,4.25,clear sky
298,Namatanai,PG,-3.6667,152.4333,82.87,73,34,13.4,scattered clouds
299,Lisakovsk,KZ,52.5369,62.4936,58.53,22,100,11.54,overcast clouds
300,Mehamn,NO,71.0357,27.8492,32.0,64,99,17.4,overcast clouds
301,Mangan,IN,27.5167,88.5333,81.37,63,96,6.33,overcast clouds
302,Lodja,CD,-3.4833,23.4333,81.91,68,100,2.62,overcast clouds
303,Talnakh,RU,69.4865,88.3972,18.21,86,30,11.16,scattered clouds
304,Fort Saint James,CA,54.4333,-124.25,34.48,92,100,4.09,overcast clouds
305,Qaqortoq,GL,60.7167,-46.0333,38.73,66,100,3.02,overcast clouds
306,Luz,BR,-19.8014,-45.6856,64.06,84,72,2.53,broken clouds
307,Staryy Nadym,RU,65.6118,72.6842,32.88,100,100,13.44,overcast clouds
308,Dongying,CN,37.4564,118.4856,51.24,67,100,6.89,light rain
309,Kruisfontein,ZA,-34.0033,24.7314,59.88,57,99,7.83,overcast clouds
310,Sabang,ID,5.8933,95.3214,84.09,75,84,22.35,broken clouds
311,Ossora,RU,59.2353,163.0719,36.5,75,65,14.2,broken clouds
312,Smithers,CA,54.7804,-127.1743,43.12,52,100,5.75,overcast clouds
313,Great Yarmouth,GB,52.6083,1.7305,53.94,71,2,10.22,clear sky
314,Sobradinho,BR,-12.8333,-39.1,66.87,95,7,3.24,clear sky
315,Chornoliztsi,UA,48.8303,24.8958,61.97,68,92,3.24,overcast clouds
316,Omsukchan,RU,62.5333,155.8,26.87,88,97,3.04,overcast clouds
317,Tikri,IN,29.2333,77.35,107.47,10,0,3.2,clear sky
318,Alibag,IN,18.6411,72.8792,93.27,63,5,12.91,clear sky
319,Casablanca,MA,33.5928,-7.6192,62.94,88,23,2.3,few clouds
320,Bull Savanna,JM,17.8868,-77.5902,75.13,79,78,10.04,broken clouds
321,Lubango,AO,-14.9172,13.4925,71.13,33,27,1.63,scattered clouds
322,Abha,SA,18.2164,42.5053,79.05,8,0,8.05,clear sky
323,Port Moresby,PG,-9.4431,147.1797,85.42,74,20,11.5,haze
324,Anadyr,RU,64.75,177.4833,34.3,93,75,8.95,light shower snow
325,Kurumkan,RU,54.3,110.3,56.73,55,100,13.29,overcast clouds
326,Rosita,NI,13.9268,-84.4032,72.64,99,88,1.43,overcast clouds
327,Huarmey,PE,-10.0681,-78.1522,65.57,89,79,7.58,broken clouds
328,Bulancak,TR,40.9372,38.2291,53.42,82,75,9.22,broken clouds
329,Bayeux,BR,-7.125,-34.9322,74.03,100,0,6.91,clear sky
330,Haines Junction,CA,60.7522,-137.5108,35.55,93,100,1.14,overcast clouds
331,Etaples,FR,50.5219,1.6332,59.16,82,100,9.22,overcast clouds
332,Rio Grande,BR,-32.035,-52.0986,59.02,86,2,7.74,clear sky
333,Houma,US,29.5958,-90.7195,75.0,93,100,0.0,mist
334,Oudtshoorn,ZA,-33.5907,22.2014,57.56,79,92,1.23,overcast clouds
335,Mingshui,CN,36.7167,117.5,51.8,67,100,8.19,heavy intensity rain
336,Tyukhtet,RU,56.5389,89.3011,40.87,32,100,13.38,overcast clouds
337,Biak,ID,-0.9131,122.8766,82.24,79,100,7.0,overcast clouds
338,Lahaina,US,20.8783,-156.6825,75.81,85,100,7.29,overcast clouds
339,Gueret,FR,46.1667,1.8667,56.7,78,12,4.59,few clouds
340,Sur,OM,22.5667,59.5289,93.69,43,0,7.09,clear sky
341,Amapa,BR,1.0,-52.0,71.62,100,100,1.88,overcast clouds
342,Elban,RU,50.1018,136.5094,47.43,51,100,9.98,overcast clouds
343,Peniche,PT,39.3558,-9.3811,62.94,70,32,7.34,scattered clouds
344,Estelle,US,29.8458,-90.1067,78.8,79,0,1.01,clear sky
345,Severo-Kurilsk,RU,50.6789,156.125,42.24,83,100,15.14,overcast clouds
346,Clyde River,CA,70.4692,-68.5914,8.83,92,100,4.61,overcast clouds
347,Surt,LY,31.2089,16.5887,69.42,48,32,2.71,scattered clouds
348,Korla,CN,41.7597,86.1469,75.06,36,32,18.92,scattered clouds
349,Fairbanks,US,64.8378,-147.7164,42.8,86,100,5.75,overcast clouds
350,Mitsamiouli,KM,-11.3847,43.2844,86.29,70,20,12.66,few clouds
351,Atar,MR,20.5169,-13.0499,88.66,11,100,7.2,overcast clouds
352,Pemangkat,ID,1.1667,108.9667,84.83,72,87,7.45,light rain
353,Phan Thiet,VN,10.9333,108.1,86.65,68,94,16.11,overcast clouds
354,Zarate,AR,-34.0981,-59.0286,54.84,92,18,4.0,few clouds
355,Chernyshevskiy,RU,63.0128,112.4714,35.83,72,90,14.32,overcast clouds
356,Bol,TD,13.4586,14.7147,81.75,72,75,7.76,broken clouds
357,Lagoa,PT,39.05,-27.9833,59.86,71,31,6.38,scattered clouds
358,Soe,ID,-9.8607,124.284,75.36,60,78,9.57,broken clouds
359,Ishigaki,JP,24.3448,124.1572,80.73,83,75,5.75,broken clouds
360,Zyryanka,RU,65.75,150.85,35.06,80,99,6.13,overcast clouds
361,Cabedelo,BR,-6.9811,-34.8339,74.07,85,83,10.07,broken clouds
362,Sakaiminato,JP,35.55,133.2333,64.33,48,75,19.57,broken clouds
363,San Lorenzo,PY,-25.3333,-57.5333,52.74,93,0,0.0,clear sky
364,San Alberto,CO,7.7611,-73.3922,75.47,90,100,2.15,overcast clouds
365,Manica,FR,49.0,-1.1667,56.14,80,32,8.7,scattered clouds
366,Rudnogorsk,RU,57.2639,103.7519,40.82,37,100,18.28,overcast clouds
367,Palasa,IN,18.7667,84.4167,89.96,56,40,14.94,scattered clouds
368,Caravelas,BR,-17.7125,-39.2481,75.51,72,94,11.21,overcast clouds
369,Nuuk,GL,64.1835,-51.7216,29.01,93,54,10.36,broken clouds
370,Yar-Sale,RU,66.8333,70.8333,33.75,100,100,14.92,overcast clouds
371,Lyngseidet,NO,69.5763,20.2189,35.6,89,99,8.57,overcast clouds
372,Pyapon,MM,16.2833,95.6833,90.1,56,100,12.19,moderate rain
373,Pinega,RU,64.7001,43.3936,45.9,95,100,9.01,overcast clouds
374,Mendi,PG,-6.1761,143.6513,60.89,97,99,0.69,overcast clouds
375,Halifax,CA,44.6453,-63.5724,35.22,78,100,4.61,overcast clouds
376,Inuvik,CA,68.3499,-133.7218,38.16,67,20,5.75,few clouds
377,Bathsheba,BB,13.2167,-59.5167,81.21,78,20,13.8,few clouds
378,Alofi,NU,-19.0595,-169.9187,76.89,88,100,4.61,overcast clouds
379,Tiznit,MA,29.5833,-9.5,81.93,12,45,2.24,scattered clouds
380,Sherbakul,RU,54.6316,72.3963,63.43,28,20,14.79,few clouds
381,Yichun,CN,47.7,128.9,57.02,35,3,9.28,clear sky
382,Ziro,IN,27.6333,93.8333,72.34,65,72,4.56,broken clouds
383,Alakurtti,RU,66.9672,30.3491,37.78,72,96,13.06,light rain
384,Nara,JP,34.6851,135.8049,72.77,28,63,8.66,broken clouds
385,Saint-Augustin,CA,51.226,-58.6502,28.22,83,9,7.9,clear sky
386,Pathein,MM,16.7833,94.7333,83.1,75,100,8.81,moderate rain
387,Verkhoyansk,RU,67.5447,133.385,35.01,83,100,6.24,overcast clouds
388,Vanimo,PG,-2.6741,141.3028,83.08,82,19,10.0,few clouds
389,Boa Vista,BR,2.8197,-60.6733,76.98,83,75,3.44,broken clouds
390,Vilhena,BR,-12.7406,-60.1458,62.87,70,67,3.42,broken clouds
391,Vestmanna,FO,62.1564,-7.1664,43.72,93,100,11.5,light intensity drizzle
392,Georgiyevka,KZ,43.0369,74.7114,84.24,37,0,8.95,clear sky
393,Tessalit,ML,20.1986,1.0114,82.87,9,0,17.11,clear sky
394,Wynyard,AU,-41.0,145.7167,52.99,71,7,9.37,clear sky
395,Harrisonburg,US,38.4496,-78.8689,43.18,88,100,10.36,overcast clouds
396,Mount Gambier,AU,-37.8333,140.7667,57.11,77,75,5.75,broken clouds
397,Tateyama,JP,34.9833,139.8667,60.76,67,99,15.77,overcast clouds
398,Tubuala,PA,9.5167,-79.0333,80.56,80,19,2.93,few clouds
399,Mezhdurechensk,RU,53.6942,88.0603,48.27,23,18,10.6,few clouds
400,Ponta Do Sol,PT,32.6667,-17.1,66.0,61,96,6.15,overcast clouds
401,Bazaliya,UA,49.7127,26.4733,57.56,74,100,0.76,overcast clouds
402,Havelock,US,34.8791,-76.9013,57.15,89,100,4.0,overcast clouds
403,Bemidji,US,47.4736,-94.8803,56.17,70,75,12.66,broken clouds
404,Kauswagan,PH,8.1917,124.0847,83.32,82,100,4.9,overcast clouds
405,Mar Del Plata,AR,-38.0023,-57.5575,56.95,89,0,11.99,clear sky
406,Shimoda,JP,34.6667,138.95,64.76,78,97,14.2,overcast clouds
407,Luganville,VU,-15.5333,167.1667,79.12,76,96,14.72,overcast clouds
408,Namibe,AO,-15.1961,12.1522,75.81,58,0,3.98,clear sky
409,Chuy,UY,-33.6971,-53.4616,53.92,93,45,6.08,scattered clouds
410,Kavaratti,IN,10.5669,72.642,84.9,70,30,15.52,scattered clouds
411,Neftcala,AZ,39.3742,49.2472,60.42,70,94,16.11,overcast clouds
412,Voh,NC,-20.9667,164.7,70.79,73,62,6.38,broken clouds
413,Port Hardy,CA,50.6996,-127.4199,44.6,100,100,5.75,light intensity shower rain
414,Mandera,KE,3.9366,41.867,90.86,42,77,14.67,broken clouds
415,Bereznik,RU,62.8551,42.7072,59.0,66,92,13.33,overcast clouds
416,Ronne,DK,55.1009,14.7066,49.91,81,35,6.91,scattered clouds
417,Rafaela,AR,-31.2503,-61.4867,53.01,61,100,1.01,overcast clouds
418,Maarianhamina,AX,60.0973,19.9348,46.26,42,0,9.22,clear sky
419,Mangrol,IN,21.1167,70.1167,89.58,56,0,17.4,clear sky
420,Monte Carmelo,BR,-18.7247,-47.4986,65.7,79,77,3.27,broken clouds
421,Los Llanos De Aridane,ES,28.6585,-17.9182,62.35,72,20,12.66,few clouds
422,Naryan-Mar,RU,67.6713,53.087,39.34,100,100,14.32,overcast clouds
423,Dakar,SN,14.6937,-17.4441,69.93,88,0,4.61,clear sky
424,Newnan,US,33.3807,-84.7997,56.71,92,75,3.44,broken clouds
425,Uray,RU,60.1247,64.7758,63.99,35,21,12.01,few clouds
426,Vallenar,CL,-28.5708,-70.7581,53.17,90,85,2.71,overcast clouds
427,Ahuimanu,US,21.4447,-157.8378,74.91,74,75,17.27,broken clouds
428,Necochea,AR,-38.5473,-58.7368,59.85,72,42,14.47,scattered clouds
429,Gigmoto,PH,13.7796,124.39,84.52,75,7,12.24,clear sky
430,Cockburn Town,TC,21.4612,-71.1419,79.45,78,4,9.44,clear sky
431,Bjerkvik,NO,68.5597,17.5189,34.0,89,100,10.78,light snow
432,Rafsanjan,IR,30.4067,55.9939,84.45,14,96,25.46,overcast clouds
433,Niono,ML,14.2526,-5.993,90.97,33,40,9.46,scattered clouds
434,Harrison,US,30.4091,-89.0436,68.07,88,0,4.61,clear sky
435,Morondava,MG,-20.2833,44.2833,80.67,61,0,6.58,clear sky
436,Artyom,AZ,40.4723,50.333,59.14,80,27,23.71,scattered clouds
437,Westport,US,41.1415,-73.3579,48.02,66,100,16.11,overcast clouds
438,Iqaluit,CA,63.7506,-68.5145,17.33,86,20,3.44,few clouds
439,Saint-Georges,GD,12.0564,-61.7485,78.6,76,99,14.16,overcast clouds
440,Impfondo,CG,1.6381,18.0667,84.56,59,100,2.75,overcast clouds
441,Zhezkazgan,KZ,47.8043,67.7144,53.58,40,40,26.84,scattered clouds
442,Beloye,UA,48.4952,39.0505,59.52,36,12,6.73,few clouds
443,Asau,RO,46.4333,26.4,62.96,54,23,5.3,few clouds
444,Lithakia,GR,37.7167,20.8333,67.37,72,20,4.61,few clouds
445,Pavelets,RU,53.7883,39.246,59.58,49,46,14.2,scattered clouds
446,Champerico,GT,14.3,-91.9167,82.2,78,100,6.2,overcast clouds
447,Tulum,MX,20.2167,-87.4667,79.5,87,0,7.61,clear sky
448,Lujan,AR,-34.5703,-59.105,57.94,95,1,7.34,clear sky
449,Kolbermoor,DE,47.85,12.0667,56.86,93,100,3.51,overcast clouds
450,Laredo,US,27.5064,-99.5075,77.29,88,75,17.27,broken clouds
451,Chicama,PE,-7.8447,-79.1469,59.54,85,64,6.08,broken clouds
452,Manacapuru,BR,-3.2997,-60.6206,74.25,95,89,2.91,heavy intensity rain
453,Mabay,PH,6.0577,124.4666,84.4,80,95,4.29,moderate rain
454,Mayskiy,RU,47.6931,40.1025,62.01,36,89,9.44,overcast clouds
455,Montes Altos,BR,-5.8333,-47.0667,70.14,92,84,2.24,broken clouds
456,Rodrigues Alves,BR,-7.738,-72.6509,69.15,95,5,1.63,clear sky
457,Kanakapura,IN,12.55,77.4167,97.25,27,70,4.74,broken clouds
458,Safranbolu,TR,41.2508,32.6942,60.06,53,27,3.02,scattered clouds
459,Gimbi,ET,9.1667,35.8333,68.56,64,99,1.32,overcast clouds
460,Hun,LY,29.1268,15.9477,73.67,29,0,2.95,clear sky
461,Airai,TL,-8.9266,125.4092,67.01,75,77,4.52,broken clouds
462,Brigantine,US,39.4101,-74.3646,46.02,94,100,20.71,overcast clouds
463,Umm Lajj,SA,25.0213,37.2685,87.26,32,4,16.71,clear sky
464,Balkhash,KZ,46.844,74.9804,65.01,17,0,26.84,clear sky
465,Wuwei,CN,37.9281,102.6414,56.75,56,88,7.14,overcast clouds
466,Ribas Do Rio Pardo,BR,-20.4431,-53.7592,55.63,88,0,3.02,clear sky
467,Kewanee,US,41.2456,-89.9248,52.79,76,90,12.93,overcast clouds
468,Erdenet,MN,49.0333,104.0833,75.09,18,35,17.25,scattered clouds
469,Plyussa,RU,58.4308,29.3654,49.01,46,100,11.01,overcast clouds
470,Orshanka,RU,56.9161,47.8933,59.85,39,25,13.35,scattered clouds
471,Faro,PT,37.0194,-7.9322,70.97,73,0,5.75,clear sky
472,Husavik,IS,66.0449,-17.3389,41.59,79,100,7.52,overcast clouds
473,El Alto,PE,-4.2714,-81.2147,67.82,77,84,13.82,broken clouds
474,Kandrian,PG,-6.2167,149.55,80.98,86,85,8.77,light rain
475,Krasnoshchekovo,RU,51.6708,82.7289,51.49,23,0,7.54,clear sky
476,Gat,IL,31.61,34.7642,76.78,30,4,3.38,clear sky
477,Hongjiang,CN,27.11,109.9956,79.74,77,49,0.45,scattered clouds
478,Spring Valley,US,36.108,-115.245,75.15,17,40,24.16,dust
479,College Park,US,38.9807,-76.9369,46.74,91,100,17.27,light intensity drizzle
480,Verkhnyaya Inta,RU,65.9811,60.3094,50.0,82,100,15.12,overcast clouds
481,Kamina,CD,-8.7386,24.9906,76.84,55,99,5.53,overcast clouds
482,Shasta Lake,US,40.6804,-122.3708,52.52,73,0,4.85,clear sky
483,Salalah,OM,17.0151,54.0924,87.89,62,20,13.8,few clouds
484,Tazovskiy,RU,67.4667,78.7,22.21,85,14,9.51,few clouds
485,Mahibadhoo,MV,3.7833,72.9667,84.2,78,100,16.51,overcast clouds
486,Mirnyy,RU,62.5353,113.9611,35.24,59,94,15.99,overcast clouds
487,Auki,SB,-8.7676,160.7034,79.16,85,27,4.85,scattered clouds
488,Neiafu,TO,-18.65,-173.9833,79.38,74,88,9.17,overcast clouds
489,Tondano,ID,1.3038,124.9112,77.09,81,100,3.09,overcast clouds
490,Port Macquarie,AU,-31.4333,152.9167,57.88,58,0,5.46,clear sky
491,Tecoanapa,MX,16.5167,-98.75,78.24,79,88,3.29,overcast clouds
492,Hamilton,US,39.1834,-84.5333,51.89,85,0,1.99,clear sky
493,Palafrugell,ES,41.9174,3.1631,71.44,34,22,8.01,few clouds
494,Port Hawkesbury,CA,45.6169,-61.3485,30.58,91,0,3.0,clear sky
495,Kieta,PG,-6.2167,155.6333,80.06,85,72,4.81,light rain
496,Mastic Beach,US,40.7668,-72.8521,47.98,75,100,15.01,overcast clouds
497,Copiapo,CL,-27.3667,-70.3333,55.09,91,66,2.59,broken clouds
498,Sungaipenuh,ID,-2.0833,101.3833,79.59,57,100,4.68,moderate rain
499,Yatou,CN,37.15,122.3833,50.59,78,100,16.55,overcast clouds
500,Kampong Thum,KH,12.7111,104.8887,93.4,48,99,5.01,overcast clouds
501,Abu Samrah,SY,35.3029,37.1841,68.2,35,0,5.08,clear sky
502,Flagstaff,US,35.1981,-111.6513,60.46,28,0,16.11,clear sky
503,Upington,ZA,-28.4478,21.2561,52.18,76,40,4.61,scattered clouds
504,Aksarka,RU,66.5606,67.7975,34.83,100,100,12.15,overcast clouds
505,Pereira Barreto,BR,-20.6383,-51.1092,58.12,94,1,8.03,clear sky
506,Magdalena,PH,14.1999,121.429,91.35,60,74,11.63,broken clouds
507,Nyazepetrovsk,RU,56.0531,59.6028,59.92,32,4,5.01,clear sky
508,Tiksi,RU,71.6872,128.8694,19.98,80,43,3.29,scattered clouds
509,Stokmarknes,NO,68.5646,14.9108,33.78,93,100,23.02,light snow
510,Ahipara,NZ,-35.1667,173.1667,59.59,85,35,4.0,scattered clouds
511,Coffs Harbour,AU,-30.3,153.1333,58.96,67,20,4.61,few clouds
512,Shakawe,BW,-18.3667,21.85,77.56,27,0,4.72,clear sky
513,Kurayoshi,JP,35.4333,133.8167,58.91,52,60,9.64,broken clouds
514,Buchanan,LR,5.8808,-10.0467,76.44,90,100,5.5,light rain
515,Chara,RU,56.9064,118.2631,56.8,46,100,5.66,overcast clouds
516,Fredericksburg,US,38.3032,-77.4605,47.21,89,100,9.22,drizzle
517,Colquechaca,BO,-18.6667,-66.0167,27.45,93,99,2.77,overcast clouds
518,Djambala,CG,-2.5447,14.7533,75.65,75,98,2.3,overcast clouds
519,Fort Beaufort,ZA,-32.7748,26.6338,55.08,81,97,5.1,overcast clouds
520,Maputo,MZ,-25.9653,32.5892,72.23,92,75,2.3,broken clouds
521,Kortkeros,RU,61.8106,51.5806,64.4,42,79,14.85,broken clouds
522,Sladkovo,RU,55.5284,70.3385,63.16,32,40,14.16,scattered clouds
523,Virtsu,EE,58.5716,23.5115,50.05,43,3,15.05,clear sky
524,Santa Rosa,PH,14.3122,121.1114,95.11,56,55,16.58,broken clouds
525,Mlowo,TZ,-9.0,32.9833,73.36,61,49,1.03,scattered clouds
526,Bartica,GY,6.4,-58.6167,75.52,99,90,1.21,overcast clouds
527,Sinnamary,GF,5.3833,-52.95,77.31,87,88,11.01,overcast clouds
528,Hobyo,SO,5.3505,48.5268,90.18,56,50,11.72,scattered clouds
529,High Level,CA,58.5169,-117.136,33.91,93,100,8.05,light snow
530,Aranos,NA,-24.1333,19.1167,55.38,40,0,9.73,clear sky
531,Tura,IN,25.5198,90.2201,92.14,40,51,5.32,broken clouds
532,Saint-Ambroise,CA,48.5501,-71.3324,29.8,69,4,1.14,clear sky
533,Bloomsburg,US,41.0037,-76.4549,44.22,79,99,5.35,overcast clouds
534,Cacapava Do Sul,BR,-30.5122,-53.4914,46.71,97,3,2.55,clear sky
535,Trincomalee,LK,8.5711,81.2335,88.0,71,100,16.26,heavy intensity rain
536,Bratsk,RU,56.1325,101.6142,43.29,35,91,20.76,overcast clouds
537,Polovinnoye,RU,54.7914,65.9864,62.42,26,57,8.01,broken clouds
538,Lumeje,AO,-11.55,20.7833,77.34,50,41,5.64,scattered clouds
539,Guira De Melena,CU,22.7906,-82.5053,75.72,86,0,3.78,clear sky
540,Kidal,ML,18.4411,1.4078,88.97,8,15,16.67,few clouds
541,Nioro,GM,13.35,-15.75,78.46,44,6,3.76,clear sky
542,Plettenberg Bay,ZA,-34.0527,23.3716,59.5,68,90,1.68,overcast clouds
543,Presidencia Roque Saenz Pena,AR,-26.7852,-60.4388,54.93,91,1,5.59,clear sky
544,Dzhebariki-Khaya,RU,62.2167,135.8,44.1,81,100,8.32,overcast clouds
545,Ondjiva,AO,-17.0667,15.7333,74.62,31,0,2.73,clear sky
546,Urengoy,RU,65.9667,78.3667,28.09,90,80,9.42,broken clouds
547,Kasama,ZM,-10.2129,31.1808,72.64,58,99,6.96,overcast clouds
548,Kudahuvadhoo,MV,2.6708,72.8944,84.51,77,45,17.81,scattered clouds
549,Lyaskelya,RU,61.7667,31.0167,47.19,45,71,9.95,broken clouds
550,Mayo,US,38.8876,-76.5119,47.03,87,100,10.36,overcast clouds
551,Viramgam,IN,23.1225,72.0484,104.61,20,0,13.18,clear sky
552,Elko,US,41.0002,-115.5012,38.64,61,98,5.99,overcast clouds
553,Sheltozero,RU,61.3667,35.3667,40.96,79,100,7.09,overcast clouds
554,Bonavista,CA,48.6499,-53.1147,32.68,74,6,18.52,clear sky
555,Ellsworth,US,44.5434,-68.4195,39.72,78,0,4.61,clear sky
556,Changping,CN,40.2186,116.2197,58.64,55,94,1.63,overcast clouds
557,Fez,MA,34.0372,-4.9998,68.25,48,0,2.3,clear sky
558,Inirida,CO,3.8653,-67.9239,70.83,99,39,2.46,scattered clouds
559,Makat,KZ,47.6469,53.3463,56.07,49,100,17.96,overcast clouds
560,Praxedis Guerrero,MX,31.3667,-106.0167,72.57,13,0,17.67,clear sky
561,Kirensk,RU,57.7853,108.1119,46.54,42,100,14.7,overcast clouds
562,Suoyarvi,RU,62.0833,32.35,45.43,49,87,9.95,overcast clouds
563,Tilichiki,RU,60.4667,166.1,32.32,83,100,17.4,overcast clouds
564,Bud,US,39.447,-86.1758,51.64,80,0,6.67,clear sky
565,Gallup,US,35.5281,-108.7426,63.36,23,0,19.57,clear sky
566,Laguna,US,38.421,-121.4238,56.39,73,0,4.61,clear sky
567,Naze,JP,28.3667,129.4833,72.52,90,100,6.82,light rain
568,Beloha,MG,-25.1667,45.05,82.42,51,0,3.58,clear sky
569,Zabid,YE,14.1951,43.3152,94.93,47,67,8.55,broken clouds
570,Kozan,TR,37.4552,35.8157,72.12,33,0,3.51,clear sky
571,Mandalgovi,MN,45.7625,106.2708,66.6,17,3,16.89,clear sky
572,Dekernes,EG,31.0876,31.595,81.45,20,47,9.66,scattered clouds
573,General Roca,AR,-39.0333,-67.5833,58.93,29,0,9.17,clear sky
574,Jega,NG,12.2175,4.3792,90.39,42,93,12.48,overcast clouds
575,Santa Isabel Do Rio Negro,BR,-0.4139,-65.0192,72.05,97,100,2.19,overcast clouds
576,Merrill,US,45.1805,-89.6835,48.92,46,0,5.75,clear sky
577,Swan Hill,AU,-35.3378,143.5544,55.49,56,60,5.59,broken clouds
578,Kargasok,RU,59.0556,80.8572,41.88,36,10,10.36,clear sky
579,Casper,US,42.8666,-106.3131,36.19,55,0,4.61,clear sky
580,Olavarria,AR,-36.8927,-60.3225,58.01,90,3,9.98,clear sky
581,Akdepe,TM,42.0551,59.3788,78.89,29,100,8.01,overcast clouds
582,Berlevag,NO,70.8578,29.0864,28.2,63,100,22.01,overcast clouds
583,Shenjiamen,CN,29.9576,122.298,63.54,84,95,8.46,overcast clouds
584,Bacolod,PH,10.6667,122.95,88.99,60,42,13.11,scattered clouds
585,Reconquista,AR,-29.15,-59.65,53.76,92,99,6.6,overcast clouds
586,Quincy,US,42.2529,-71.0023,46.85,76,100,17.27,overcast clouds
587,El Reten,CO,10.6114,-74.2682,76.21,74,92,4.65,overcast clouds
588,Kupang,ID,-10.1667,123.5833,85.19,60,94,13.33,overcast clouds
589,Xinzhi,CN,36.4989,111.7047,68.0,49,99,4.92,light rain
590,Havoysund,NO,70.9963,24.6622,34.03,71,100,26.11,light snow
591,Porto Recanati,IT,43.4365,13.6613,63.99,56,79,6.69,broken clouds
592,Okahandja,NA,-21.9833,16.9167,62.6,29,0,7.31,clear sky
593,Requena,ES,39.4883,-1.1004,66.87,50,50,2.68,scattered clouds
594,Madina,GH,5.6823,-0.1641,80.56,89,20,3.44,few clouds
595,Vagamo,NO,61.8751,9.0967,35.91,66,36,3.51,scattered clouds
596,Muli,MV,2.9167,73.5667,84.16,78,25,18.72,scattered clouds
597,Dori,BF,14.0354,-0.0345,92.44,37,91,13.18,overcast clouds
598,Takoradi,GH,4.8845,-1.7554,81.41,79,89,1.45,light rain
599,Roald,NO,62.5833,6.1333,47.75,65,20,8.05,few clouds
600,Okhotsk,RU,59.3833,143.3,40.5,78,0,9.19,clear sky
601,Mahon,ES,39.8885,4.2658,68.56,49,20,14.97,few clouds
602,Kikwit,CD,-5.041,18.8162,81.0,69,91,1.52,overcast clouds
603,Qobustan,AZ,40.0824,49.412,61.63,66,100,8.55,overcast clouds
604,Bodden Town,KY,19.2833,-81.25,81.0,79,6,10.0,clear sky
605,Stockbridge,US,33.5443,-84.2338,56.7,91,0,5.79,clear sky
606,Kapuskasing,CA,49.4169,-82.4331,39.2,45,20,5.75,few clouds
607,Khor,RU,47.8861,134.9464,52.97,49,100,4.25,overcast clouds
608,Ellensburg,US,46.9965,-120.5479,40.77,79,0,13.8,clear sky
609,Mount Isa,AU,-20.7333,139.5,83.97,39,40,9.22,scattered clouds
610,Saldanha,ZA,-33.0117,17.9442,53.65,62,21,5.61,few clouds
611,Pangoa,PE,-12.1167,-73.0,66.7,97,100,1.92,overcast clouds
612,Grand Gaube,MU,-20.0064,57.6608,82.38,65,27,10.0,scattered clouds
613,Mackenzie,CA,55.2999,-123.1698,37.62,93,100,3.44,overcast clouds
614,Fort Nelson,CA,58.8053,-122.7002,35.19,87,100,14.97,overcast clouds
615,Rocha,UY,-34.4833,-54.3333,52.88,94,35,5.95,scattered clouds
616,Gaoyou,CN,32.7858,119.4278,73.69,50,3,10.8,clear sky
617,Berdigestyakh,RU,62.0989,126.6992,39.52,97,100,9.8,light rain
618,Gaya,IN,24.7833,85.0,98.51,36,40,4.61,haze
619,Ewa Beach,US,21.3156,-158.0072,75.15,67,0,17.27,clear sky
620,Northfield,US,44.4583,-93.1616,60.94,49,40,12.66,scattered clouds
621,Kutum,SD,14.2,24.6667,87.03,7,99,9.33,overcast clouds
622,Villa De Reyes,MX,21.8,-100.9333,67.93,61,5,2.46,clear sky
623,Slobozia,MD,46.7281,29.7078,63.21,35,49,7.4,scattered clouds
624,Richards Bay,ZA,-28.783,32.0377,66.97,86,98,15.39,moderate rain
625,Aleppo,SY,36.25,37.5,67.77,38,5,5.97,clear sky
626,Pangnirtung,CA,66.1451,-65.7125,12.56,73,8,6.87,clear sky
627,Lumphat,KH,13.4878,106.9816,92.61,48,100,3.18,overcast clouds
628,Banda Aceh,ID,5.5577,95.3222,86.81,66,77,15.32,broken clouds
629,Russell,US,32.3502,-85.1999,58.23,94,0,3.44,clear sky
630,Zhuhai,CN,22.2769,113.5678,82.18,69,40,13.8,scattered clouds
631,Sola,VU,-13.8833,167.55,80.91,75,27,23.89,scattered clouds
632,Clovis,US,36.8252,-119.7029,60.69,55,40,19.57,scattered clouds
633,Praya,CV,14.9215,-23.5087,70.34,78,20,20.71,few clouds
634,Rtishchevo,RU,52.2604,43.7874,57.72,35,3,5.17,clear sky
635,Grindavik,IS,63.8424,-22.4338,48.15,100,100,21.85,light rain
636,Tahe,CN,52.3333,124.7333,69.03,10,16,4.25,few clouds
637,Kozulka,UA,50.0351,23.797,64.98,48,13,2.44,few clouds
638,Pimentel,PE,-6.8367,-79.9342,64.44,90,94,12.66,overcast clouds
639,Carutapera,BR,-1.195,-46.02,74.93,94,100,1.1,overcast clouds
640,Suez,EG,29.9737,32.5263,79.27,19,88,2.98,overcast clouds
641,Axim,GH,4.8699,-2.2405,81.52,79,52,1.57,light rain
642,Cambui,BR,-22.6122,-46.0575,56.37,96,75,3.31,broken clouds
643,Kiama,AU,-34.6833,150.8667,64.99,67,12,2.75,few clouds
644,Puquio,PE,-14.7,-74.1333,47.57,81,78,4.27,broken clouds
645,Tonshayevo,RU,57.736,47.0127,60.46,38,36,13.06,scattered clouds
646,Jalalpur,PK,32.6374,74.2183,100.27,22,0,4.61,haze
647,Shihezi,CN,44.3,86.0333,85.01,19,2,7.47,clear sky
648,Palora,EC,-1.7,-77.9333,64.9,98,100,2.08,light rain
649,Maceio,BR,-9.6658,-35.7353,72.84,94,75,5.75,broken clouds
650,Inhambane,MZ,-23.865,35.3833,80.58,69,20,9.22,few clouds
651,Malko Tarnovo,BG,41.9833,27.5333,58.71,52,83,6.4,broken clouds
652,Abbeville,FR,50.1,1.8333,59.25,90,99,9.33,overcast clouds
653,Maragogi,BR,-9.0122,-35.2225,74.48,88,69,5.79,broken clouds
654,Felanitx,ES,39.4696,3.1483,71.46,42,4,7.09,clear sky
655,Malartic,CA,48.1335,-78.1328,33.91,75,0,4.65,clear sky
656,Luena,AO,-11.7833,19.9167,74.07,54,94,5.48,overcast clouds
657,Trzebiatow,PL,54.0615,15.2648,56.05,65,14,10.11,few clouds
658,Beyneu,KZ,45.3167,55.2,67.33,61,100,20.29,light rain
659,Hasaki,JP,35.7333,140.8333,64.29,51,100,14.18,overcast clouds
660,Wajid,SO,3.8093,43.2471,89.26,46,14,15.03,few clouds
661,Dagda,LV,56.0951,27.5372,50.43,55,100,9.08,overcast clouds
662,Moville,US,42.4889,-96.0725,62.89,76,100,18.77,overcast clouds
663,Hammerfest,NO,70.6634,23.6821,32.45,80,100,6.91,overcast clouds
664,Alexandria,EG,31.2156,29.9553,68.54,60,0,8.05,clear sky
665,Nhulunbuy,AU,-12.2333,136.7667,84.81,74,40,14.97,scattered clouds
666,Mayumba,GA,-3.432,10.6554,79.95,81,34,1.81,scattered clouds
667,Severobaykalsk,RU,55.65,109.3167,40.78,70,100,4.18,overcast clouds
668,Savannah Bight,HN,16.45,-85.85,81.81,83,75,17.98,broken clouds
669,Cacador,BR,-26.7753,-51.015,43.09,99,31,2.75,scattered clouds
670,Vytegra,RU,61.0064,36.4481,36.84,96,100,8.97,light rain
671,Deputatskiy,RU,69.3,139.9,20.66,79,100,4.43,overcast clouds
672,Howard Springs,AU,-12.497,131.047,89.98,50,8,2.33,clear sky
673,Beringovskiy,RU,63.05,179.3167,32.92,96,100,5.75,overcast clouds
674,Faya,SA,18.3851,42.4509,79.32,20,0,4.56,clear sky
